V1,V2,V3,V4,V5,Amount,Class
-1.359807,-0.072781,2.536346,1.378155,-0.338321,149.62,0
1.191857,0.266151,0.16648,0.448154,0.060018,2.69,0
-1.358354,-1.340163,1.773209,0.37978,-0.503198,378.66,0
-0.966272,-0.185226,1.792993,0.646309,-0.221929,123.5,1
-1.158233,0.877737,1.548718,0.403034,-0.407193,69.99,0
